epoch,train_loss
0,9.072393
1,4.905509
2,2.527353
3,1.345552
4,0.883903
5,0.728029
6,0.689690
7,0.683844
8,0.681027
9,0.678585
10,0.676488
11,0.674307
12,0.672438
13,0.670701
14,0.668535
15,0.667058
16,0.665140
17,0.663102
18,0.661491
19,0.660045
20,0.658293
21,0.656895
22,0.654440
23,0.653637
24,0.652171
25,0.650180
26,0.648333
27,0.647477
28,0.646000
29,0.644386
