epoch,train_loss
0,3.178187
1,1.791547
2,1.068529
3,0.798603
4,0.713555
5,0.692003
6,0.684605
7,0.681582
8,0.678990
9,0.676874
10,0.674978
11,0.672920
12,0.670955
13,0.668552
14,0.666898
15,0.664611
16,0.662723
17,0.662256
18,0.659392
19,0.657672
20,0.655801
21,0.654389
22,0.653150
23,0.651107
24,0.649599
25,0.648201
26,0.646613
27,0.645446
28,0.644270
29,0.642627
